element_num,depth,bounds,attributes,parent_num
0,0,"[0,0][0,0]","",
1,1,"[0,0][402,874]","accessibilityText=Flent Secured; enabled=true",0
2,2,"[0,0][402,874]","enabled=true",1
3,3,"[0,0][402,874]","enabled=true",2
4,4,"[0,0][402,874]","enabled=true",3
5,5,"[0,0][402,874]","enabled=true",4
6,6,"[0,0][402,874]","accessibilityText=Go back My  Profile Edit picture User name edit for User name User name Email edit for Email Email City This is a hint text to help user. City Phone Number +91 Phone Number Save changes Horizontal scroll bar, 1 page; enabled=true",5
7,7,"[0,0][402,874]","accessibilityText=Go back My  Profile Edit picture User name edit for User name User name Email edit for Email Email City This is a hint text to help user. City Phone Number +91 Phone Number Save changes Horizontal scroll bar, 1 page; enabled=true",6
8,8,"[0,0][402,874]","accessibilityText=Go back My  Profile Edit picture User name edit for User name User name Email edit for Email Email City This is a hint text to help user. City Phone Number +91 Phone Number Save changes Horizontal scroll bar, 1 page; enabled=true",7
9,9,"[0,0][402,874]","accessibilityText=Go back My  Profile Edit picture User name edit for User name User name Email edit for Email Email City This is a hint text to help user. City Phone Number +91 Phone Number Save changes Horizontal scroll bar, 1 page; enabled=true",8
10,10,"[0,0][402,874]","accessibilityText=Go back My  Profile Edit picture User name edit for User name User name Email edit for Email Email City This is a hint text to help user. City Phone Number +91 Phone Number Save changes Horizontal scroll bar, 1 page; enabled=true",9
11,11,"[0,0][402,874]","accessibilityText=Go back My  Profile Edit picture User name edit for User name User name Email edit for Email Email City This is a hint text to help user. City Phone Number +91 Phone Number Save changes Horizontal scroll bar, 1 page; enabled=true",10
12,12,"[0,0][402,874]","accessibilityText=Go back My  Profile Edit picture User name edit for User name User name Email edit for Email Email City This is a hint text to help user. City Phone Number +91 Phone Number Save changes Horizontal scroll bar, 1 page; enabled=true",11
13,13,"[0,0][402,874]","accessibilityText=Go back My  Profile Edit picture User name edit for User name User name Email edit for Email Email City This is a hint text to help user. City Phone Number +91 Phone Number Save changes Horizontal scroll bar, 1 page; enabled=true",12
14,14,"[0,0][402,874]","enabled=true",13
15,15,"[0,0][402,874]","enabled=true",14
16,16,"[0,0][402,874]","enabled=true",15
17,17,"[0,0][402,874]","enabled=true",16
18,18,"[0,0][402,874]","accessibilityText=Go back My  Profile Edit picture User name edit for User name User name Email edit for Email Email City This is a hint text to help user. City Phone Number +91 Phone Number Save changes Horizontal scroll bar, 1 page; enabled=true",17
19,19,"[0,0][402,874]","accessibilityText=Go back My  Profile Edit picture User name edit for User name User name Email edit for Email Email City This is a hint text to help user. City Phone Number +91 Phone Number Save changes Horizontal scroll bar, 1 page; enabled=true",18
20,20,"[0,0][402,874]","accessibilityText=Go back My  Profile Edit picture User name edit for User name User name Email edit for Email Email City This is a hint text to help user. City Phone Number +91 Phone Number Save changes Horizontal scroll bar, 1 page; enabled=true",19
21,21,"[0,0][402,874]","enabled=true",20
22,22,"[0,0][402,874]","enabled=true",21
23,23,"[0,0][402,874]","enabled=true",22
24,24,"[0,0][402,874]","enabled=true",23
25,25,"[0,0][402,874]","accessibilityText=Go back My  Profile Edit picture User name edit for User name User name Email edit for Email Email City This is a hint text to help user. City Phone Number +91 Phone Number Save changes Horizontal scroll bar, 1 page; enabled=true",24
26,26,"[0,0][402,874]","accessibilityText=Go back My  Profile Edit picture User name edit for User name User name Email edit for Email Email City This is a hint text to help user. City Phone Number +91 Phone Number Save changes Horizontal scroll bar, 1 page; enabled=true",25
27,27,"[0,0][402,874]","accessibilityText=Go back My  Profile Edit picture User name edit for User name User name Email edit for Email Email City This is a hint text to help user. City Phone Number +91 Phone Number Save changes Horizontal scroll bar, 1 page; resource-id=edit-profile-screen; enabled=true",26
28,28,"[0,0][402,874]","accessibilityText=Go back My  Profile Edit picture User name edit for User name User name Email edit for Email Email City This is a hint text to help user. City Phone Number +91 Phone Number Save changes Horizontal scroll bar, 1 page; enabled=true",27
29,29,"[0,62][402,840]","accessibilityText=Go back My  Profile Edit picture User name edit for User name User name Email edit for Email Email City This is a hint text to help user. City Phone Number +91 Phone Number Save changes Horizontal scroll bar, 1 page; enabled=true",28
30,30,"[0,62][402,840]","accessibilityText=Go back My  Profile Edit picture User name edit for User name User name Email edit for Email Email City This is a hint text to help user. City Phone Number +91 Phone Number Save changes Horizontal scroll bar, 1 page; enabled=true",29
31,31,"[0,62][402,840]","accessibilityText=Go back My  Profile Edit picture User name edit for User name User name Email edit for Email Email City This is a hint text to help user. City Phone Number +91 Phone Number Save changes Horizontal scroll bar, 1 page; enabled=true",30
32,32,"[0,62][402,840]","enabled=true",31
33,33,"[0,62][402,898]","accessibilityText=Go back My  Profile Edit picture User name edit for User name User name Email edit for Email Email City This is a hint text to help user. City Phone Number +91 Phone Number Save changes; enabled=true",32
34,34,"[0,62][402,898]","accessibilityText=Go back My  Profile Edit picture User name edit for User name User name Email edit for Email Email City This is a hint text to help user. City Phone Number +91 Phone Number Save changes; enabled=true",33
35,35,"[0,62][402,182]","accessibilityText=Go back My  Profile; enabled=true",34
36,36,"[40,62][72,94]","accessibilityText=Go back; enabled=true",35
37,36,"[40,118][353,182]","accessibilityText=My  Profile; enabled=true",35
38,35,"[0,222][402,302]","accessibilityText=Edit picture; enabled=true",34
39,36,"[40,222][120,302]","enabled=true",38
40,37,"[40,222][120,302]","enabled=true",39
41,38,"[50,232][110,292]","enabled=true",40
42,39,"[55,232][105,267]","enabled=true",41
43,39,"[60,249][100,289]","enabled=true",41
44,36,"[130,244][237,280]","accessibilityText=Edit picture; enabled=true",38
45,35,"[0,342][402,758]","accessibilityText=User name edit for User name User name Email edit for Email Email City This is a hint text to help user. City Phone Number +91 Phone Number; enabled=true",34
46,36,"[40,342][362,434]","accessibilityText=User name edit for User name User name; enabled=true",45
47,37,"[40,342][362,362]","accessibilityText=User name edit for User name; enabled=true",46
48,38,"[40,342][101,362]","accessibilityText=User name; enabled=true",47
49,38,"[335,342][362,362]","accessibilityText=edit for User name; enabled=true",47
50,37,"[40,368][362,434]","accessibilityText=User name; enabled=true",46
51,38,"[41,369][361,433]","accessibilityText=User name; enabled=true",50
52,39,"[41,369][361,433]","accessibilityText=User name; value=Rishabh A; text=Rishabh A; enabled=true",51
53,36,"[40,450][362,542]","accessibilityText=Email edit for Email Email; enabled=true",45
54,37,"[40,450][362,470]","accessibilityText=Email edit for Email; enabled=true",53
55,38,"[40,450][71,470]","accessibilityText=Email; enabled=true",54
56,38,"[335,450][362,470]","accessibilityText=edit for Email; enabled=true",54
57,37,"[40,476][362,542]","accessibilityText=Email; enabled=true",53
58,38,"[41,477][361,541]","accessibilityText=Email; enabled=true",57
59,39,"[41,477][361,541]","accessibilityText=Email; value=john@email.com; text=john@email.com; enabled=true",58
60,36,"[40,558][362,650]","accessibilityText=City This is a hint text to help user. City; enabled=true",45
61,37,"[40,558][362,578]","accessibilityText=City This is a hint text to help user.; enabled=true",60
62,38,"[40,558][64,578]","accessibilityText=City; enabled=true",61
63,38,"[173,558][362,578]","accessibilityText=This is a hint text to help user.; enabled=true",61
64,37,"[40,584][362,650]","accessibilityText=City; enabled=true",60
65,38,"[41,585][361,649]","accessibilityText=City; enabled=true",64
66,39,"[41,585][361,649]","accessibilityText=City; value=Bangalore; text=Bangalore",65
67,36,"[40,666][362,758]","accessibilityText=Phone Number +91 Phone Number; enabled=true",45
68,37,"[40,666][362,686]","accessibilityText=Phone Number; enabled=true",67
69,38,"[40,666][125,686]","accessibilityText=Phone Number; enabled=true",68
70,37,"[40,692][362,758]","accessibilityText=+91 Phone Number; enabled=true",67
71,38,"[57,709][108,741]","accessibilityText=+91; enabled=true",70
72,39,"[57,709][89,741]","accessibilityText=+91; enabled=true",71
73,39,"[92,717][108,733]","enabled=true",71
74,40,"[95,722][105,727]","enabled=true",73
75,41,"[95,722][105,727]","enabled=true",74
76,38,"[124,709][345,741]","accessibilityText=Phone Number; enabled=true",70
77,39,"[124,709][345,741]","accessibilityText=Phone Number; value=9876543210; text=9876543210; hintText=Enter Number",76
78,35,"[0,798][402,850]","accessibilityText=Save changes; enabled=true",34
79,36,"[40,798][362,850]","accessibilityText=Save changes; enabled=true",78
80,33,"[28,807][374,837]","accessibilityText=Horizontal scroll bar, 1 page; value=0%; text=0%; enabled=true",32
81,34,"[65,834][337,837]","enabled=true",80
82,33,"[28,807][374,837]","accessibilityText=Horizontal scroll bar, 1 page; value=0%; text=0%; enabled=true",32
83,34,"[65,834][337,837]","enabled=true",82
84,23,"[0,0][402,874]","enabled=true",22
85,24,"[0,0][402,874]","enabled=true",84
86,16,"[0,0][402,874]","enabled=true",15
87,17,"[0,0][402,874]","enabled=true",86
88,8,"[0,0][402,874]","enabled=true",7
89,9,"[0,0][402,874]","enabled=true",88
90,2,"[0,0][402,874]","enabled=true",1
91,3,"[0,0][402,874]","enabled=true",90
92,4,"[0,0][402,874]","enabled=true",91
93,1,"[0,0][0,0]","",0
94,2,"[0,0][402,54]","enabled=true",93
95,2,"[0,0][402,54]","enabled=true",93
96,3,"[0,0][402,54]","enabled=true",95
97,4,"[0,0][402,54]","enabled=true",96
98,5,"[55,22][93,42]","accessibilityText=4:07 AM; enabled=true",97
99,5,"[288,26][307,38]","accessibilityText=Mobile Service; value=No signal; text=No signal; enabled=true",97
100,5,"[315,26][332,38]","value=SSID, 3 of 3 Wi-Fi bars; text=SSID, 3 of 3 Wi-Fi bars; resource-id=3 of 3 Wi-Fi bars; enabled=true",97
101,5,"[339,26][366,39]","accessibilityText=100% battery power; value=Not charging; text=Not charging; enabled=true",97
